transaction_id,transaction_amount,transaction_hour,transaction_type,device_type,transactions_last_24h,account_age_years,Location_change,is_new_device,failed_attempts,fraud_score,risk_level
TXN0001,2215.610122639118,21,P2M,Android,16,2,0,1,3,6,High
TXN0002,2824.7424067418833,10,P2P,Android,7,4,0,1,3,4,Review
TXN0003,1881.3468119879217,22,P2P,iOS,10,1,0,1,2,6,High
TXN0004,7457.123958327216,10,P2M,Android,3,3,0,1,0,2,Low
TXN0005,0.0,15,P2M,iOS,2,4,0,0,2,0,Low
TXN0006,3690.8029851892566,12,P2P,iOS,6,3,0,1,1,2,Low
TXN0007,7789.309490769347,19,P2M,Android,2,2,0,0,2,0,Low
TXN0008,8672.83910193141,16,P2P,Android,9,5,1,0,0,1,Low
TXN0009,9685.054053662103,11,P2P,Android,0,5,0,1,0,2,Low
TXN0010,5122.1986956827795,18,P2P,Android,1,4,0,1,2,2,Low
TXN0011,1673.362823909748,3,P2P,iOS,2,2,0,0,0,1,Low
TXN0012,6012.3791427613005,14,P2P,Android,9,4,0,1,1,2,Low
TXN0013,754.3349512521318,22,P2P,Android,3,9,0,1,0,2,Low
TXN0014,4692.892471217415,16,P2P,iOS,1,2,0,0,0,0,Low
TXN0015,850.5556343273147,16,P2M,Android,15,4,0,1,2,4,Review
TXN0016,9894.642714976919,10,P2P,Android,5,5,1,1,2,3,Review
TXN0017,4133.687200108212,13,P2P,Android,5,1,0,0,0,2,Low
TXN0018,8970.053762772272,20,P2M,iOS,17,4,0,1,0,4,Review
TXN0019,3824.480798669315,1,P2M,Android,3,6,1,0,1,2,Low
TXN0020,10261.20774065665,1,P2P,Android,6,10,0,1,2,3,Review
TXN0021,2972.724853359249,9,P2P,Android,4,6,0,0,0,0,Low
TXN0022,5530.158614539519,18,P2P,iOS,9,9,0,0,3,2,Low
TXN0023,0.0,7,P2P,Android,6,3,0,0,4,2,Low
TXN0024,0.0,14,P2P,Android,0,7,0,1,2,2,Low
TXN0025,8339.980410212283,1,P2P,iOS,3,4,0,0,0,1,Low
TXN0026,4763.797502153912,21,P2M,iOS,18,7,0,1,0,4,Review
TXN0027,2780.3380980121956,22,P2P,Android,7,4,0,0,1,0,Low
TXN0028,4428.393804997778,11,P2P,Android,6,4,0,1,2,2,Low
TXN0029,7280.685053885035,15,P2P,iOS,2,2,0,0,2,0,Low
TXN0030,1738.835746555691,16,P2P,Android,8,1,1,0,0,3,Review
TXN0031,3685.8664172714425,11,P2P,iOS,5,2,0,0,5,2,Low
TXN0032,7352.978165923196,18,P2P,Android,10,10,0,0,1,2,Low
TXN0033,5432.477901125787,17,P2P,Android,1,3,0,1,2,2,Low
TXN0034,4071.503186379527,23,P2P,Android,3,2,1,1,1,3,Review
TXN0035,6621.615523499049,22,P2P,Android,0,2,0,0,3,2,Low
TXN0036,4944.4839604367235,22,P2P,iOS,20,6,0,1,2,4,Review
TXN0037,4710.128575940264,18,P2M,Android,0,3,0,0,1,0,Low
TXN0038,6988.058853313312,19,P2P,Android,13,7,0,0,3,4,Review
TXN0039,1940.657604783904,1,P2P,Android,11,5,1,1,0,6,High
TXN0040,1038.2349225143698,7,P2P,iOS,5,7,1,0,0,1,Low
TXN0041,12483.79590155789,1,P2M,Android,7,9,1,0,1,2,Low
TXN0042,8067.306677622245,14,P2P,Android,10,8,1,0,0,3,Review
TXN0043,7378.966397410768,9,P2P,iOS,2,6,0,0,0,0,Low
TXN0044,6685.987391676732,18,P2M,Android,19,1,0,1,5,8,CRITICAL
TXN0045,2626.166472909404,16,P2P,iOS,2,3,0,0,1,0,Low
TXN0046,5257.688854234815,16,P2P,Android,11,7,0,0,2,2,Low
TXN0047,2390.3718667651365,8,P2P,Android,2,2,1,0,5,3,Review
TXN0048,8282.870045965888,3,P2P,Android,15,1,1,0,1,6,High
TXN0049,7704.341975764259,15,P2M,Android,8,10,1,0,2,1,Low
TXN0050,5157.551148026715,22,P2P,Android,0,8,1,0,1,1,Low
TXN0051,693.9695963724644,3,P2P,iOS,9,4,0,0,2,1,Low
TXN0052,6221.620981393433,7,P2P,iOS,6,3,0,1,2,2,Low
TXN0053,4556.056694758294,8,P2P,iOS,5,2,0,1,2,2,Low
TXN0054,8497.677162313918,9,P2M,Android,10,2,1,1,1,5,High
TXN0055,8405.414900499607,13,P2M,iOS,7,8,0,0,1,0,Low
TXN0056,12479.31762446935,13,P2M,iOS,0,5,0,0,2,0,Low
TXN0057,7207.64523525096,11,P2P,iOS,8,3,0,0,1,0,Low
TXN0058,7407.06365699164,22,P2P,iOS,6,9,0,1,0,2,Low
TXN0059,10380.601388246654,13,P2M,Android,11,9,0,1,2,4,Review
TXN0060,2904.1354370210097,22,P2M,iOS,11,4,0,0,0,2,Low
TXN0061,9496.426620405855,10,P2P,Android,11,2,0,1,0,4,Review
TXN0062,8176.257742050026,7,P2P,Android,9,3,0,1,0,2,Low
TXN0063,8527.403814835508,7,P2P,iOS,0,4,0,1,2,2,Low
TXN0064,3621.6109529004752,18,P2P,Android,20,8,0,0,1,2,Low
TXN0065,0.0,19,P2M,iOS,9,7,1,0,5,3,Review
TXN0066,5605.400012929584,13,P2M,iOS,4,5,0,0,1,0,Low
TXN0067,6718.595960421778,15,P2M,Android,3,2,0,0,0,0,Low
TXN0068,7300.525692616683,21,P2P,iOS,3,5,0,1,1,2,Low
TXN0069,7668.714826139476,18,P2M,Android,1,6,0,0,0,0,Low
TXN0070,7204.851598978777,14,P2P,Android,0,5,0,1,0,2,Low
TXN0071,6130.5093353256925,9,P2P,Android,0,8,1,1,0,3,Review
TXN0072,7221.723982192261,20,P2P,Android,2,2,0,0,1,0,Low
TXN0073,5496.971248816823,14,P2M,Android,4,7,1,1,1,3,Review
TXN0074,2234.929810760243,9,P2P,Android,2,4,0,1,2,2,Low
TXN0075,1862.2929244620364,19,P2P,Android,3,6,0,1,0,2,Low
TXN0076,5710.9781049671765,20,P2M,Android,1,2,0,1,0,2,Low
TXN0077,1925.236027940694,20,P2P,Android,11,2,0,1,2,4,Review
TXN0078,3688.492150579215,17,P2P,Android,0,4,0,0,0,0,Low
TXN0079,4481.635264784789,6,P2P,Android,12,10,1,1,3,7,CRITICAL
TXN0080,4208.504974287739,20,P2M,Android,19,3,0,0,3,4,Review
TXN0081,7554.7500280489385,9,P2P,iOS,3,7,0,1,2,2,Low
TXN0082,6066.808647790669,15,P2P,Android,2,4,0,1,1,2,Low
TXN0083,11343.037573229802,14,P2P,Android,13,3,0,0,2,2,Low
TXN0084,6684.617664094706,7,P2P,Android,2,2,1,1,3,5,High
TXN0085,8400.299246802068,18,P2M,Android,4,4,0,0,2,0,Low
TXN0086,3536.0056344502864,20,P2P,Android,7,2,0,0,1,0,Low
TXN0087,3724.9044202020395,10,P2M,Android,0,5,0,1,1,2,Low
TXN0088,4265.377903652692,17,P2M,Android,5,2,0,0,2,0,Low
TXN0089,7523.5082473405555,18,P2P,iOS,10,4,1,0,0,3,Review
TXN0090,8669.204515815714,23,P2M,Android,7,8,0,1,0,2,Low
TXN0091,8219.486620775337,14,P2M,Android,0,2,0,1,3,4,Review
TXN0092,120.72947249262052,14,P2P,iOS,14,3,1,1,3,7,CRITICAL
TXN0093,1532.5103951744609,22,P2P,Android,1,0,0,0,2,2,Low
TXN0094,3974.0380321765433,6,P2P,iOS,17,5,0,0,1,2,Low
TXN0095,2678.693609988063,14,P2P,Android,13,6,0,0,0,2,Low
TXN0096,1182.6365655940758,0,P2M,Android,3,4,0,0,0,1,Low
TXN0097,2201.90638603669,19,P2P,iOS,6,10,0,0,2,0,Low
TXN0098,4646.860125467851,12,P2P,Android,2,9,1,0,0,1,Low
TXN0099,859.3109634430948,0,P2M,Android,7,3,0,0,2,1,Low
TXN0100,4088.737455997678,20,P2P,Android,2,4,1,1,0,3,Review
TXN0101,4862.165605392451,13,P2P,Android,0,6,0,0,2,0,Low
TXN0102,2256.4373994245266,1,P2P,Android,12,6,1,0,0,4,Review
TXN0103,10131.308354646073,15,P2P,Android,1,5,0,1,2,2,Low
TXN0104,4323.2442666637735,19,P2P,iOS,4,0,1,0,2,3,Review
TXN0105,6545.092641410435,14,P2P,Android,6,9,0,0,2,0,Low
TXN0106,10848.776784909594,2,P2M,Android,14,2,0,0,3,5,High
TXN0107,1897.2999557866783,18,P2P,Android,4,2,0,0,3,2,Low
TXN0108,10836.271939422102,7,P2M,iOS,2,6,1,0,3,3,Review
TXN0109,8453.207358771384,6,P2M,iOS,14,10,1,1,4,7,CRITICAL
TXN0110,970.882333627666,14,P2M,iOS,1,4,0,1,0,2,Low
TXN0111,4472.529206730263,10,P2M,Android,2,3,1,0,2,1,Low
TXN0112,4804.337917542163,10,P2M,iOS,4,2,0,1,2,2,Low
TXN0113,7286.868045513973,22,P2P,Android,2,3,1,1,0,3,Review
TXN0114,3032.357940199451,16,P2P,Android,9,2,0,0,0,0,Low
TXN0115,4373.301554406614,21,P2P,Android,0,4,0,1,2,2,Low
TXN0116,4829.713039746663,10,P2P,Android,6,3,0,0,0,0,Low
TXN0117,6801.553668663564,7,P2P,Android,0,6,1,0,2,1,Low
TXN0118,0.0,15,P2P,Android,2,9,0,1,0,2,Low
TXN0119,5123.7367626263895,5,P2P,Android,7,2,0,0,1,1,Low
TXN0120,6078.574391723609,17,P2P,Android,3,4,1,1,5,5,High
TXN0121,11645.44142293731,21,P2P,Android,12,5,0,0,2,2,Low
TXN0122,9964.035171578162,13,P2P,iOS,15,2,0,0,2,2,Low
TXN0123,4045.612334468172,7,P2P,Android,11,3,0,1,0,4,Review
TXN0124,7886.817383655258,15,P2P,Android,3,5,0,1,3,4,Review
TXN0125,8288.659433681267,22,P2M,Android,3,5,0,1,2,2,Low
TXN0126,3353.9682257841105,15,P2P,Android,2,4,0,0,0,0,Low
TXN0127,6835.695525784675,19,P2P,iOS,6,3,1,0,1,1,Low
TXN0128,5617.102112992917,22,P2M,iOS,1,9,0,0,1,0,Low
TXN0129,7586.071588628913,15,P2M,Android,3,5,1,1,1,3,Review
TXN0130,2367.293267503654,21,P2P,Android,13,8,1,0,2,3,Review
TXN0131,7574.7158174603555,10,P2P,iOS,7,7,1,0,0,1,Low
TXN0132,6305.19878604615,10,P2M,iOS,13,2,1,1,0,5,High
TXN0133,886.3383133638672,21,P2P,iOS,2,3,0,0,2,0,Low
TXN0134,7275.90609727296,16,P2P,Android,4,3,0,1,2,2,Low
TXN0135,546.0111985981375,17,P2M,Android,3,7,1,1,2,3,Review
TXN0136,5332.092216037005,12,P2P,Android,0,3,1,0,2,1,Low
TXN0137,2309.7849579505955,19,P2P,Android,1,3,0,1,2,2,Low
TXN0138,3040.8635370766024,16,P2P,iOS,7,4,0,0,0,0,Low
TXN0139,10315.288790853738,15,P2P,Android,9,3,1,1,1,3,Review
TXN0140,0.0,22,P2P,Android,8,1,0,0,0,2,Low
TXN0141,5992.090362488243,9,P2P,Android,0,2,0,1,5,4,Review
TXN0142,5945.346150237896,15,P2M,Android,18,2,0,0,4,4,Review
TXN0143,8763.762311235148,14,P2P,iOS,12,3,0,0,3,4,Review
TXN0144,5574.074240067017,9,P2P,Android,15,2,0,0,2,2,Low
TXN0145,9940.236055264224,2,P2P,Android,2,4,0,1,1,3,Review
TXN0146,6308.212672662649,8,P2P,Android,15,6,1,1,2,5,High
TXN0147,467.81205905720344,21,P2P,Android,10,2,0,0,0,2,Low
TXN0148,1963.8730041304775,18,P2M,Android,9,5,1,1,5,5,High
TXN0149,5299.1746092942885,21,P2P,iOS,0,5,1,0,1,1,Low
TXN0150,0.0,21,P2P,iOS,19,5,0,0,5,4,Review
TXN0151,4946.098345360024,6,P2P,iOS,0,10,1,1,2,3,Review
TXN0152,4102.857141208606,11,P2P,Android,15,2,0,1,1,4,Review
TXN0153,3775.4314795920627,13,P2P,iOS,1,1,0,1,2,4,Review
TXN0154,7718.295291469223,20,P2P,iOS,19,10,0,0,0,2,Low
TXN0155,4909.0901821410425,2,P2P,Android,14,2,0,1,1,5,High
TXN0156,4441.259651978257,16,P2M,iOS,9,5,1,0,2,1,Low
TXN0157,2619.4493482789157,13,P2M,Android,13,2,1,1,2,5,High
TXN0158,6621.016747901224,11,P2M,Android,11,4,0,1,3,6,High
TXN0159,4676.921901323615,19,P2M,iOS,2,0,1,1,1,5,High
TXN0160,3395.0999931714887,11,P2P,Android,8,0,0,0,1,2,Low
TXN0161,4346.246987578692,5,P2M,Android,3,5,0,1,2,3,Review
TXN0162,4600.417700873242,19,P2P,iOS,13,1,0,1,0,6,High
TXN0163,4426.405645142533,6,P2M,Android,3,3,0,1,0,2,Low
TXN0164,3833.050343153311,9,P2P,Android,18,8,0,0,3,4,Review
TXN0165,4283.584777171616,22,P2P,Android,7,2,0,0,0,0,Low
TXN0166,0.0,6,P2P,Android,12,6,1,1,5,7,CRITICAL
TXN0167,3541.0044482261287,11,P2M,Android,9,4,0,0,1,0,Low
TXN0168,10192.026452997474,20,P2M,Android,8,2,1,1,2,3,Review
TXN0169,7003.252107060822,16,P2P,iOS,4,3,1,0,0,1,Low
TXN0170,5872.391005690406,14,P2M,Android,3,8,0,0,2,0,Low
TXN0171,1790.1891288718653,2,P2M,Android,1,4,0,0,1,1,Low
TXN0172,10484.018995773567,7,P2P,iOS,7,6,0,1,2,2,Low
TXN0173,821.8221577690238,18,P2P,Android,14,1,0,0,1,4,Review
TXN0174,3903.7368399691986,19,P2P,Android,2,3,0,1,0,2,Low
TXN0175,4406.857320074913,16,P2P,Android,11,10,0,1,3,6,High
TXN0176,5374.260211155415,22,P2P,iOS,2,2,0,1,0,2,Low
TXN0177,8575.971316369707,16,P2P,Android,11,2,0,0,1,2,Low
TXN0178,10476.826152333142,21,P2P,Android,10,6,0,0,4,4,Review
TXN0179,8784.941038829098,19,P2P,Android,12,5,0,0,1,2,Low
TXN0180,8761.510528309547,20,P2P,iOS,3,4,0,0,0,0,Low
TXN0181,6763.372218222023,15,P2P,iOS,17,4,0,0,0,2,Low
TXN0182,4660.95699928859,6,P2M,iOS,6,2,0,1,0,2,Low
TXN0183,0.0,20,P2P,Android,1,4,1,1,0,3,Review
TXN0184,5240.190277618206,19,P2P,Android,4,8,0,0,1,0,Low
TXN0185,0.0,15,P2P,iOS,0,8,0,0,5,2,Low
TXN0186,7184.819971453415,13,P2P,Android,2,2,1,1,1,3,Review
TXN0187,3602.231043849489,13,P2M,iOS,16,5,0,0,1,2,Low
TXN0188,3969.3088465780875,19,P2P,Android,9,5,1,0,2,1,Low
TXN0189,5172.056737965127,14,P2P,iOS,3,10,1,0,1,1,Low
TXN0190,6432.206014200344,21,P2P,Android,14,2,1,0,2,3,Review
TXN0191,9875.183972360715,13,P2M,iOS,9,3,0,0,2,0,Low
TXN0192,6671.890962009785,21,P2M,Android,5,4,0,0,2,0,Low
TXN0193,8863.925984302266,15,P2M,iOS,13,5,1,0,0,3,Review
TXN0194,9059.681885474027,15,P2P,iOS,19,2,1,1,0,5,High
TXN0195,4704.142799687602,20,P2P,Android,14,10,0,1,2,4,Review
TXN0196,5667.7205779599,18,P2P,iOS,1,4,1,1,3,5,High
TXN0197,0.0,11,P2P,Android,1,3,0,1,3,4,Review
TXN0198,1823.817090351291,11,P2M,iOS,10,3,0,0,0,2,Low
TXN0199,3698.7795323740484,23,P2P,Android,1,2,0,0,2,0,Low
TXN0200,2308.6016799214462,7,P2P,Android,7,5,0,1,5,4,Review
TXN0201,6799.410622830572,14,P2M,iOS,6,5,0,0,2,0,Low
TXN0202,9905.859380720169,4,P2M,iOS,7,5,1,0,0,2,Low
TXN0203,3109.554427550113,8,P2P,iOS,13,10,1,1,0,5,High
TXN0204,9009.760431969862,16,P2P,Android,0,2,0,0,1,0,Low
TXN0205,0.0,11,P2M,iOS,7,4,0,0,2,0,Low
TXN0206,4711.726360603851,17,P2M,Android,4,0,1,0,5,5,High
TXN0207,5124.981460879997,6,P2M,Android,4,4,1,1,0,3,Review
TXN0208,9849.726678431838,15,P2P,Android,1,5,0,0,5,2,Low
TXN0209,5706.499205238962,23,P2P,iOS,14,1,0,0,1,4,Review
TXN0210,9143.922486687328,18,P2M,Android,9,1,0,0,2,2,Low
TXN0211,7372.6490632744335,0,P2P,Android,4,3,0,0,3,3,Review
TXN0212,6269.802164360338,20,P2P,iOS,5,2,0,1,1,2,Low
TXN0213,5399.387198590078,13,P2P,iOS,9,3,0,1,1,2,Low
TXN0214,3792.992913106752,0,P2M,Android,3,3,0,0,5,3,Review
TXN0215,7905.058105208958,11,P2P,Android,15,5,0,1,2,4,Review
TXN0216,2501.9609574051688,19,P2P,Android,14,5,1,0,0,3,Review
TXN0217,621.3158871004707,2,P2P,iOS,1,5,0,0,0,1,Low
TXN0218,931.0229371439041,23,P2P,Android,20,6,1,1,1,5,High
TXN0219,7750.153975136783,18,P2P,Android,4,4,0,0,5,2,Low
TXN0220,6555.0950589213835,18,P2M,iOS,2,3,0,1,2,2,Low
TXN0221,2600.2437252395875,7,P2P,Android,19,7,0,0,2,2,Low
TXN0222,2354.098969042977,19,P2M,Android,12,3,0,1,1,4,Review
TXN0223,0.0,5,P2P,Android,4,6,0,0,2,1,Low
TXN0224,4763.273418086608,14,P2M,Android,2,2,1,1,3,5,High
TXN0225,6527.379797915744,12,P2P,Android,3,7,0,0,2,0,Low
TXN0226,4237.356993171898,16,P2M,Android,3,7,0,1,1,2,Low
TXN0227,7195.528075476152,19,P2P,Android,8,6,0,0,4,2,Low
TXN0228,1064.8633054809125,8,P2P,Android,7,4,1,1,1,3,Review
TXN0229,7094.467428023327,10,P2M,Android,0,9,0,0,3,2,Low
TXN0230,7996.400979441296,19,P2P,Android,2,5,1,1,5,5,High
TXN0231,2941.64589727393,20,P2P,Android,18,10,0,1,2,4,Review
TXN0232,2510.061613331765,17,P2P,Android,2,2,0,0,0,0,Low
TXN0233,8074.731162213146,7,P2P,Android,5,4,0,0,2,0,Low
TXN0234,0.0,14,P2P,Android,17,5,0,0,2,2,Low
TXN0235,8694.777889225157,16,P2P,Android,9,6,0,1,0,2,Low
TXN0236,13075.111412773174,12,P2P,iOS,7,4,0,0,0,0,Low
TXN0237,5776.810741572973,1,P2P,iOS,3,4,1,0,3,4,Review
TXN0238,7382.253785095451,18,P2M,iOS,2,9,1,1,1,3,Review
TXN0239,5500.815711973201,23,P2P,Android,6,4,0,0,2,0,Low
TXN0240,8015.385314063192,8,P2M,Android,17,2,0,0,2,2,Low
TXN0241,1511.7147627983031,3,P2P,iOS,18,8,0,0,0,3,Review
TXN0242,8603.2200565981,5,P2P,Android,0,9,1,0,1,2,Low
TXN0243,8823.666400612205,13,P2M,iOS,12,5,0,0,3,4,Review
TXN0244,6267.761436369581,16,P2M,iOS,0,8,0,0,5,2,Low
TXN0245,1394.44674568767,13,P2P,Android,7,3,0,1,4,4,Review
TXN0246,4803.97359218013,17,P2P,Android,0,5,1,0,2,1,Low
TXN0247,2048.258723512382,9,P2P,iOS,7,5,0,0,0,0,Low
TXN0248,9244.844253989017,19,P2M,iOS,15,3,0,1,3,6,High
TXN0249,4233.159117477767,10,P2P,Android,0,8,0,0,2,0,Low
TXN0250,5458.462182626092,8,P2M,iOS,1,3,1,1,0,3,Review
TXN0251,5091.927822839966,14,P2P,Android,8,4,0,1,2,2,Low
TXN0252,3735.474871872662,15,P2M,Android,7,6,0,1,3,4,Review
TXN0253,4710.101530325791,21,P2P,iOS,8,2,1,0,4,3,Review
TXN0254,5006.035043036611,22,P2P,Android,5,0,0,0,1,2,Low
TXN0255,4101.665928520495,14,P2M,Android,9,6,0,0,2,0,Low
TXN0256,797.9262905449114,15,P2P,Android,18,4,0,0,3,4,Review
TXN0257,4326.868375936708,21,P2P,Android,3,3,0,1,0,2,Low
TXN0258,6315.305141102248,12,P2P,Android,2,2,0,0,2,0,Low
TXN0259,2415.7959095781816,18,P2P,Android,13,4,0,0,2,2,Low
TXN0260,5541.315949244077,23,P2M,Android,0,7,0,1,0,2,Low
TXN0261,5179.414480234221,13,P2P,iOS,2,0,0,0,5,4,Review
TXN0262,2997.641200128164,14,P2M,Android,6,2,1,0,1,1,Low
TXN0263,3295.873717426083,15,P2P,Android,1,4,1,0,2,1,Low
TXN0264,6829.11496061001,6,P2P,Android,12,3,0,0,2,2,Low
TXN0265,2430.7713286127328,21,P2P,Android,10,3,0,1,3,6,High
TXN0266,6737.759097867785,20,P2P,Android,15,3,0,1,2,4,Review
TXN0267,4747.94251093167,21,P2M,iOS,4,5,0,0,1,0,Low
TXN0268,5527.244923116359,10,P2M,iOS,7,4,0,0,2,0,Low
TXN0269,1157.086464749188,15,P2P,Android,0,2,0,1,0,2,Low
TXN0270,4625.90130807976,21,P2P,Android,19,3,0,0,2,2,Low
TXN0271,2259.8634072969885,10,P2P,Android,8,9,0,0,2,0,Low
TXN0272,3226.0824410635314,17,P2M,Android,7,5,0,1,0,2,Low
TXN0273,3162.2267940190295,9,P2M,iOS,0,2,1,1,0,3,Review
TXN0274,8854.001902156082,6,P2M,Android,7,5,1,1,0,3,Review
TXN0275,6294.053365003506,16,P2P,Android,0,4,0,0,3,2,Low
TXN0276,3418.9645438943353,10,P2P,Android,5,2,0,0,3,2,Low
TXN0277,8794.655562474061,10,P2P,iOS,1,3,0,0,1,0,Low
TXN0278,6351.060400590366,18,P2P,Android,9,3,0,1,3,4,Review
TXN0279,689.9709310995986,23,P2P,iOS,6,2,1,0,2,1,Low
TXN0280,6270.7286859970145,19,P2P,Android,3,6,1,1,3,5,High
TXN0281,6727.660398761901,13,P2M,iOS,4,10,0,1,0,2,Low
TXN0282,10905.682420861205,8,P2P,Android,7,7,1,0,1,1,Low
TXN0283,5888.196780874108,11,P2P,iOS,13,2,0,1,2,4,Review
TXN0284,3496.933049305304,18,P2P,Android,13,10,0,1,2,4,Review
TXN0285,8741.87116398238,12,P2P,Android,5,2,0,0,3,2,Low
TXN0286,1138.0185841119765,7,P2P,Android,10,2,0,0,1,2,Low
TXN0287,5744.995359415253,14,P2P,iOS,3,2,0,0,1,0,Low
TXN0288,5417.355415689999,16,P2P,Android,12,10,1,0,1,3,Review
TXN0289,7349.754563002187,9,P2P,iOS,4,5,0,0,1,0,Low
TXN0290,8232.733072808138,6,P2M,Android,2,5,0,1,3,4,Review
TXN0291,4279.135621551452,22,P2P,iOS,6,3,0,0,1,0,Low
TXN0292,5013.111994219294,19,P2P,Android,2,4,0,0,3,2,Low
TXN0293,7287.400761519981,3,P2P,iOS,3,6,0,0,0,1,Low
TXN0294,0.0,10,P2P,iOS,1,4,0,0,1,0,Low
TXN0295,1836.9314029757443,10,P2M,Android,12,2,0,1,0,4,Review
TXN0296,7154.181815776779,8,P2P,Android,4,7,0,1,1,2,Low
TXN0297,4078.368040251162,13,P2P,Android,15,3,1,0,0,3,Review
TXN0298,1497.27348639089,7,P2P,Android,1,3,1,0,2,1,Low
TXN0299,10495.493703064843,9,P2P,Android,13,8,1,0,1,3,Review
TXN0300,4027.033784865682,14,P2P,iOS,12,4,0,1,2,4,Review
TXN0301,1499.6757122817771,18,P2M,Android,9,4,0,0,2,0,Low
TXN0302,3302.8184676113856,17,P2P,Android,0,8,0,1,5,4,Review
TXN0303,5825.824611641055,22,P2P,Android,0,5,0,0,4,2,Low
TXN0304,7106.505513422413,4,P2P,iOS,0,2,0,0,0,1,Low
TXN0305,2404.111561129642,12,P2P,Android,2,9,0,1,1,2,Low
TXN0306,2247.8932968231293,20,P2P,iOS,4,3,0,0,2,0,Low
TXN0307,4331.895297051016,11,P2P,iOS,9,1,1,1,2,5,High
TXN0308,3615.0522115726035,14,P2P,Android,15,3,0,1,3,6,High
TXN0309,8849.844521799103,8,P2P,Android,3,10,0,1,2,2,Low
TXN0310,4356.532239085138,5,P2P,iOS,15,4,0,1,1,5,High
TXN0311,5127.798244152309,17,P2P,Android,3,7,1,0,1,1,Low
TXN0312,2341.7202168091276,6,P2M,iOS,6,3,0,1,0,2,Low
TXN0313,3793.0638240249073,11,P2P,Android,1,4,1,1,1,3,Review
TXN0314,8451.044620769153,9,P2P,Android,3,2,0,1,1,2,Low
TXN0315,2135.7863183814175,17,P2P,Android,3,4,0,0,1,0,Low
TXN0316,5726.082092007438,7,P2P,iOS,20,3,0,0,2,2,Low
TXN0317,5528.7184942147105,17,P2P,Android,1,8,0,0,2,0,Low
TXN0318,6808.082426267867,10,P2P,Android,7,4,1,0,2,1,Low
TXN0319,6497.502206867909,6,P2P,Android,6,4,0,1,4,4,Review
TXN0320,2493.984929394206,18,P2M,Android,2,4,0,0,0,0,Low
TXN0321,8707.525210346575,8,P2P,iOS,3,3,0,1,1,2,Low
TXN0322,3498.9522112647583,8,P2M,Android,19,4,0,0,2,2,Low
TXN0323,5234.556850486907,16,P2P,Android,13,5,0,0,2,2,Low
TXN0324,7399.971740115679,2,P2M,Android,2,4,0,0,1,1,Low
TXN0325,2784.9163658109474,6,P2M,Android,14,5,0,0,3,4,Review
TXN0326,7073.584961125669,19,P2P,Android,13,2,0,1,1,4,Review
TXN0327,5781.937510371937,16,P2P,Android,2,3,0,0,1,0,Low
TXN0328,4597.097621135109,9,P2P,iOS,7,8,0,0,0,0,Low
TXN0329,3774.598446587145,20,P2P,iOS,2,2,0,1,0,2,Low
TXN0330,6545.653420563123,18,P2P,Android,4,5,1,0,0,1,Low
TXN0331,5061.320425725632,22,P2P,Android,19,2,0,1,4,6,High
TXN0332,4916.388012278868,10,P2P,iOS,11,5,0,0,0,2,Low
TXN0333,4362.382170789647,9,P2P,iOS,13,2,1,0,1,3,Review
TXN0334,5702.499766277228,21,P2P,Android,6,7,0,0,0,0,Low
TXN0335,4140.071254447177,17,P2P,iOS,19,0,1,0,1,5,High
TXN0336,10302.32166156382,23,P2P,Android,0,5,1,0,0,1,Low
TXN0337,0.0,11,P2P,iOS,4,3,1,1,2,3,Review
TXN0338,4990.05553835335,15,P2P,iOS,0,4,0,1,2,2,Low
TXN0339,2696.374518012854,7,P2P,Android,4,9,0,0,1,0,Low
TXN0340,5059.452162833745,22,P2P,iOS,1,7,0,1,2,2,Low
TXN0341,7467.921900223189,7,P2P,iOS,3,8,0,0,1,0,Low
TXN0342,4486.592136158924,6,P2P,Android,7,8,0,1,0,2,Low
TXN0343,0.0,19,P2P,iOS,2,5,0,0,3,2,Low
TXN0344,5991.781282387023,10,P2P,Android,2,9,0,1,0,2,Low
TXN0345,6051.199662611467,22,P2M,Android,5,5,1,0,0,1,Low
TXN0346,764.3205413684882,14,P2M,iOS,4,4,0,1,3,4,Review
TXN0347,3654.145866731431,20,P2P,iOS,15,6,1,0,5,5,High
TXN0348,2158.9657020879235,6,P2P,Android,3,5,0,0,1,0,Low
TXN0349,3252.969329844135,20,P2P,Android,1,5,0,1,1,2,Low
TXN0350,4456.597122005013,15,P2M,Android,18,4,0,1,0,4,Review
TXN0351,6173.866338808966,17,P2P,iOS,2,7,0,0,5,2,Low
TXN0352,3392.2747012998657,20,P2P,Android,9,5,0,0,5,2,Low
TXN0353,6811.115790032465,22,P2P,iOS,11,5,0,0,3,4,Review
TXN0354,5718.085278168748,22,P2P,Android,0,7,0,0,2,0,Low
TXN0355,133.31411926043347,12,P2M,Android,1,4,1,0,0,1,Low
TXN0356,9448.52145568411,9,P2M,Android,12,2,0,0,0,2,Low
TXN0357,7823.5663423699925,12,P2P,Android,7,7,0,1,0,2,Low
TXN0358,3305.119468090129,22,P2P,Android,8,5,1,1,0,3,Review
TXN0359,3603.1570227853317,6,P2P,iOS,4,4,0,0,0,0,Low
TXN0360,5782.898185467175,11,P2P,Android,19,7,0,0,0,2,Low
TXN0361,5637.577030356391,18,P2P,iOS,0,2,0,1,0,2,Low
TXN0362,5431.670802810822,11,P2P,Android,4,8,0,1,1,2,Low
TXN0363,6539.770631526948,15,P2P,iOS,1,0,0,0,0,2,Low
TXN0364,7024.888575031048,22,P2P,Android,9,3,0,0,2,0,Low
TXN0365,4694.728631332101,12,P2P,Android,15,4,0,0,2,2,Low
TXN0366,7913.220482808201,4,P2P,Android,7,6,0,1,1,3,Review
TXN0367,7347.670651291253,19,P2P,Android,8,5,0,0,0,0,Low
TXN0368,6730.665577502025,3,P2P,Android,0,5,0,0,2,1,Low
TXN0369,3631.8321170647905,1,P2P,Android,12,3,0,0,2,3,Review
TXN0370,1300.279678562054,10,P2P,Android,6,2,1,0,1,1,Low
TXN0371,5901.711626349466,21,P2M,Android,1,3,0,0,0,0,Low
TXN0372,3313.702543681922,20,P2P,Android,1,10,0,0,0,0,Low
TXN0373,9787.191462990093,16,P2P,Android,0,4,0,1,2,2,Low
TXN0374,4005.7547064438722,19,P2P,iOS,14,9,1,0,5,5,High
TXN0375,7760.196202565747,7,P2P,iOS,19,2,0,1,1,4,Review
TXN0376,6373.271380403219,14,P2P,iOS,1,0,0,0,0,2,Low
TXN0377,820.2619166926088,21,P2P,iOS,12,5,0,0,0,2,Low
TXN0378,1860.6144894936215,22,P2P,Android,1,5,1,0,0,1,Low
TXN0379,3498.855512072543,11,P2P,iOS,0,2,1,0,2,1,Low
TXN0380,6139.6087128809095,12,P2M,Android,3,4,0,0,1,0,Low
TXN0381,8048.728467727838,12,P2P,Android,1,5,0,1,1,2,Low
TXN0382,6119.686601985883,15,P2P,Android,0,5,0,1,3,4,Review
TXN0383,8355.366275594248,13,P2M,Android,8,5,0,0,1,0,Low
TXN0384,2635.226095016726,12,P2P,Android,0,5,0,0,0,0,Low
TXN0385,3171.350070822819,10,P2M,Android,8,5,1,0,3,3,Review
TXN0386,4219.110362929392,22,P2M,iOS,14,2,0,0,2,2,Low
TXN0387,3144.8437629546384,10,P2M,Android,9,9,0,1,0,2,Low
TXN0388,5003.010415124414,7,P2P,Android,2,4,0,0,1,0,Low
TXN0389,5998.464359251459,7,P2P,Android,7,7,0,1,0,2,Low
TXN0390,6203.131980271417,17,P2M,iOS,16,10,0,1,1,4,Review
TXN0391,5349.740725192431,23,P2P,Android,3,5,0,1,5,4,Review
TXN0392,4373.993851083282,22,P2P,Android,13,7,1,0,3,5,High
TXN0393,9225.279680905895,18,P2P,iOS,4,8,1,1,2,3,Review
TXN0394,9685.09979816153,1,P2P,Android,17,8,0,0,2,3,Review
TXN0395,5274.682059732792,19,P2P,Android,13,3,0,0,0,2,Low
TXN0396,4263.4486131703925,20,P2P,Android,10,8,0,1,1,4,Review
TXN0397,3245.043107643877,10,P2M,Android,8,9,0,1,0,2,Low
TXN0398,10383.826913160588,5,P2M,Android,8,0,1,0,0,4,Review
TXN0399,11089.22135628563,1,P2M,Android,3,4,1,1,0,4,Review
TXN0400,2922.6644458617448,22,P2M,Android,10,6,0,1,0,4,Review
TXN0401,3353.2973434569294,16,P2P,Android,1,1,0,1,4,6,High
TXN0402,4454.051434220257,17,P2P,Android,3,3,0,1,2,2,Low
TXN0403,9163.14499084964,19,P2P,iOS,2,2,0,1,3,4,Review
TXN0404,15011.188710409544,17,P2P,iOS,7,4,0,1,3,4,Review
TXN0405,4926.63475416743,12,P2M,Android,13,3,1,0,0,3,Review
TXN0406,8341.208941211906,6,P2M,iOS,8,7,1,1,0,3,Review
TXN0407,5410.238801908357,15,P2P,iOS,6,8,1,0,4,3,Review
TXN0408,4969.199596261351,21,P2P,Android,3,5,1,0,1,1,Low
TXN0409,11101.342820527696,14,P2P,Android,1,6,1,0,0,1,Low
TXN0410,2687.0275236863104,9,P2P,iOS,2,2,1,1,0,3,Review
TXN0411,4417.819730110071,10,P2M,iOS,5,4,0,1,1,2,Low
TXN0412,6983.543269810343,6,P2P,Android,3,8,0,1,3,4,Review
TXN0413,6159.321585002181,16,P2P,iOS,5,5,0,0,1,0,Low
TXN0414,5682.348935211192,22,P2P,iOS,5,3,0,1,0,2,Low
TXN0415,9878.577233510317,18,P2P,Android,5,7,0,0,3,2,Low
TXN0416,7452.259258674104,15,P2P,Android,14,10,0,1,4,6,High
TXN0417,10090.977522491401,14,P2P,Android,3,6,1,0,1,1,Low
TXN0418,4883.515028796647,11,P2P,Android,8,4,0,0,1,0,Low
TXN0419,4500.312461294562,6,P2P,Android,1,6,1,1,0,3,Review
TXN0420,6092.835142452927,12,P2M,iOS,9,7,1,0,2,1,Low
TXN0421,4846.177867635878,20,P2P,Android,16,8,1,0,2,3,Review
TXN0422,7375.922606387079,17,P2M,Android,3,4,0,0,2,0,Low
TXN0423,3079.069728831116,22,P2P,iOS,14,7,0,0,2,2,Low
TXN0424,6790.2262784165205,13,P2P,Android,0,6,1,0,1,1,Low
TXN0425,7226.679144529287,20,P2P,Android,5,3,0,1,2,2,Low
TXN0426,6235.730369872768,19,P2P,Android,7,6,0,0,2,0,Low
TXN0427,2306.566039280173,9,P2P,iOS,14,9,0,1,0,4,Review
TXN0428,4873.092250369471,8,P2P,Android,6,2,1,0,0,1,Low
TXN0429,0.0,13,P2P,iOS,2,4,0,0,2,0,Low
TXN0430,2898.3735211675557,13,P2P,iOS,8,1,1,0,1,3,Review
TXN0431,3198.03847180717,10,P2M,Android,9,2,0,0,2,0,Low
TXN0432,8591.567907930672,5,P2P,Android,15,5,0,0,1,3,Review
TXN0433,5666.794849851546,13,P2M,Android,9,3,1,0,0,1,Low
TXN0434,7942.92076317936,19,P2P,Android,19,5,0,0,0,2,Low
TXN0435,5807.355502825054,7,P2M,Android,18,6,0,1,0,4,Review
TXN0436,5746.923162927521,7,P2M,Android,2,4,0,0,0,0,Low
TXN0437,4584.237147762174,6,P2M,Android,1,7,0,0,1,0,Low
TXN0438,3594.2475659209376,20,P2P,Android,9,2,0,1,0,2,Low
TXN0439,4589.5380160490395,19,P2P,Android,14,1,0,0,2,4,Review
TXN0440,10500.518248791352,11,P2P,Android,6,2,0,0,0,0,Low
TXN0441,5616.918115273944,16,P2P,iOS,16,3,1,0,2,3,Review
TXN0442,7941.027962357692,22,P2M,Android,6,8,0,1,0,2,Low
TXN0443,6192.786863777724,4,P2P,Android,12,5,0,0,0,3,Review
TXN0444,82.16387332164413,9,P2P,iOS,9,10,0,1,2,2,Low
TXN0445,5807.196152817171,15,P2P,iOS,13,5,0,0,3,4,Review
TXN0446,8448.771816315506,16,P2M,iOS,2,10,0,0,1,0,Low
TXN0447,0.0,22,P2M,iOS,2,3,0,1,3,4,Review
TXN0448,1208.0301690556548,11,P2P,Android,3,7,0,0,1,0,Low
TXN0449,7348.558865853875,9,P2P,iOS,2,5,1,1,3,5,High
TXN0450,5146.7519725532575,11,P2P,iOS,1,9,0,0,3,2,Low
TXN0451,0.0,17,P2P,iOS,9,7,1,0,3,3,Review
TXN0452,1417.142004689932,8,P2P,Android,1,4,1,0,3,3,Review
TXN0453,2264.962368779484,21,P2M,Android,0,2,0,0,5,2,Low
TXN0454,8906.945134492977,8,P2M,Android,1,6,0,0,0,0,Low
TXN0455,5928.7997751229195,0,P2M,Android,1,4,1,1,4,6,High
TXN0456,5496.018945270551,15,P2P,Android,5,9,0,0,2,0,Low
TXN0457,6916.807949246666,21,P2P,Android,7,2,0,0,5,2,Low
TXN0458,2715.8021708565766,8,P2P,Android,2,0,0,1,2,4,Review
TXN0459,14511.250754394432,19,P2M,Android,11,5,0,0,0,2,Low
TXN0460,1887.3174506802584,9,P2P,Android,1,3,0,0,0,0,Low
TXN0461,7802.286653158724,17,P2M,Android,0,7,0,0,0,0,Low
TXN0462,7783.3440210061435,19,P2P,Android,5,2,0,0,0,0,Low
TXN0463,0.0,23,P2P,iOS,8,2,0,1,2,2,Low
TXN0464,4283.601133936685,15,P2P,iOS,11,5,1,1,3,7,CRITICAL
TXN0465,1362.304796404865,11,P2P,Android,6,1,0,0,2,2,Low
TXN0466,9683.92821426351,23,P2M,Android,0,2,0,1,2,2,Low
TXN0467,4788.850113325174,12,P2P,Android,5,2,0,0,2,0,Low
TXN0468,6304.170506661509,23,P2P,iOS,0,2,0,1,1,2,Low
TXN0469,4288.545598049736,2,P2P,Android,9,4,0,1,1,3,Review
TXN0470,1324.684228503268,16,P2M,Android,1,7,1,1,0,3,Review
TXN0471,2523.6169840352936,19,P2P,iOS,1,3,0,0,2,0,Low
TXN0472,8665.092343441136,6,P2P,Android,2,2,0,0,0,0,Low
TXN0473,6477.654384132307,9,P2P,Android,11,4,1,0,2,3,Review
TXN0474,2615.470453797366,21,P2P,Android,4,2,1,1,1,3,Review
TXN0475,11134.009560594212,9,P2P,Android,8,2,1,1,1,3,Review
TXN0476,3786.7769975466204,6,P2P,Android,14,7,1,0,0,3,Review
TXN0477,8251.336922872048,22,P2P,iOS,8,8,1,0,2,1,Low
TXN0478,6433.056792274174,21,P2P,Android,5,7,1,0,2,1,Low
TXN0479,269.6306096694934,21,P2M,Android,13,5,0,0,3,4,Review
TXN0480,1169.018796769023,10,P2M,Android,17,6,1,1,0,5,High
TXN0481,4225.896735264933,12,P2P,iOS,19,10,1,1,1,5,High
TXN0482,5627.778017859357,20,P2P,iOS,17,3,1,0,3,5,High
TXN0483,5250.623650999309,13,P2P,iOS,11,5,1,1,3,7,CRITICAL
TXN0484,8424.393117967878,16,P2P,iOS,1,10,1,1,0,3,Review
TXN0485,2543.560600643169,15,P2P,iOS,2,2,1,0,3,3,Review
TXN0486,6947.6919881764325,21,P2P,Android,6,3,0,1,0,2,Low
TXN0487,4633.176221738019,14,P2P,Android,7,2,1,0,0,1,Low
TXN0488,7487.768513603501,9,P2M,Android,9,10,1,0,2,1,Low
TXN0489,1875.7209224593475,11,P2P,Android,10,4,1,1,0,5,High
TXN0490,6576.648976846343,7,P2M,Android,8,4,1,0,0,1,Low
TXN0491,5062.4137974034975,9,P2M,Android,1,9,0,0,1,0,Low
TXN0492,6037.067244984193,15,P2P,Android,2,4,0,0,0,0,Low
TXN0493,2337.515378106879,12,P2P,Android,0,8,0,1,2,2,Low
TXN0494,8732.828101745696,17,P2P,iOS,6,4,0,1,0,2,Low
TXN0495,8267.412450249969,12,P2P,Android,4,4,0,1,3,4,Review
TXN0496,2912.203997148042,6,P2P,Android,2,4,1,0,5,3,Review
TXN0497,4840.184855797966,6,P2P,Android,8,5,1,0,0,1,Low
TXN0498,2457.984043350964,13,P2P,Android,11,4,0,0,2,2,Low
TXN0499,6083.048687769855,13,P2M,Android,9,5,0,0,1,0,Low
TXN0500,10823.263065274532,17,P2P,Android,2,3,0,0,3,2,Low
TXN0501,5475.724993397835,11,P2P,Android,2,4,0,0,2,0,Low
TXN0502,0.0,1,P2P,Android,4,4,0,0,1,1,Low
TXN0503,5694.579921986135,20,P2P,Android,13,7,0,1,3,6,High
TXN0504,3729.2933278717014,21,P2P,Android,8,10,0,1,3,4,Review
TXN0505,3294.270405586175,22,P2P,Android,2,3,0,0,5,2,Low
TXN0506,3329.805085453347,16,P2P,Android,8,6,1,0,0,1,Low
TXN0507,6814.519959785209,11,P2P,Android,2,8,0,1,0,2,Low
TXN0508,5012.717932582701,11,P2P,Android,1,8,1,1,0,3,Review
TXN0509,7700.620060210049,19,P2P,Android,7,8,0,0,0,0,Low
TXN0510,5428.761543741006,19,P2P,Android,1,8,1,1,3,5,High
TXN0511,9928.786845976505,19,P2M,Android,7,4,0,0,2,0,Low
TXN0512,6007.97721706641,15,P2P,Android,2,5,1,0,2,1,Low
TXN0513,516.937922955517,0,P2M,iOS,6,6,0,1,4,5,High
TXN0514,5210.8331673622215,10,P2P,Android,17,3,0,0,1,2,Low
TXN0515,5757.5567222300615,14,P2P,Android,0,6,1,1,0,3,Review
TXN0516,2842.453641269076,6,P2P,iOS,3,2,0,0,0,0,Low
TXN0517,0.0,11,P2P,Android,20,3,0,0,2,2,Low
TXN0518,3201.4898394792435,11,P2M,iOS,1,4,0,1,2,2,Low
TXN0519,5027.3784609161075,7,P2P,Android,4,7,0,1,0,2,Low
TXN0520,7452.989366934907,18,P2P,Android,0,4,1,0,0,1,Low
TXN0521,2939.349792541836,13,P2P,Android,11,4,1,1,0,5,High
TXN0522,0.0,15,P2M,Android,1,6,1,0,1,1,Low
TXN0523,5886.122202142011,19,P2P,iOS,14,1,0,0,4,6,High
TXN0524,8970.234657997395,17,P2M,Android,2,2,1,0,2,1,Low
TXN0525,6796.841063747986,8,P2M,Android,13,8,0,0,1,2,Low
TXN0526,7444.406796515988,22,P2M,iOS,8,4,0,0,3,2,Low
TXN0527,3033.0937015832815,9,P2M,Android,1,5,0,0,0,0,Low
TXN0528,3966.8453160701642,9,P2P,Android,1,2,0,1,1,2,Low
TXN0529,2572.3506654535713,11,P2M,Android,9,10,1,0,1,1,Low
TXN0530,0.0,19,P2M,Android,0,5,0,0,1,0,Low
TXN0531,2228.5247979460937,11,P2M,Android,12,2,0,0,0,2,Low
TXN0532,5367.502477635853,19,P2P,Android,15,7,0,0,1,2,Low
TXN0533,6275.334703762594,15,P2P,iOS,0,3,0,0,1,0,Low
TXN0534,6881.626988348109,20,P2M,Android,5,2,1,1,2,3,Review
TXN0535,7049.719958779726,8,P2M,Android,7,4,0,0,1,0,Low
TXN0536,7116.129003373975,5,P2M,Android,2,3,0,1,1,3,Review
TXN0537,6825.751425813179,20,P2P,Android,13,1,0,1,2,6,High
TXN0538,0.0,15,P2P,Android,19,2,1,1,4,7,CRITICAL
TXN0539,10247.618824105495,13,P2M,Android,3,4,0,0,5,2,Low
TXN0540,2636.5623664131263,6,P2M,iOS,1,6,1,0,0,1,Low
TXN0541,3246.144984116417,7,P2P,Android,7,3,1,0,0,1,Low
TXN0542,5269.3649450848325,23,P2P,Android,17,9,0,1,2,4,Review
TXN0543,7598.635512565606,20,P2P,iOS,8,0,0,0,2,2,Low
TXN0544,281.15190069626624,14,P2P,Android,2,3,0,0,3,2,Low
TXN0545,6777.1833259441455,3,P2P,iOS,0,6,1,0,2,2,Low
TXN0546,4688.373147617295,13,P2P,Android,0,8,0,0,1,0,Low
TXN0547,5950.544984184908,21,P2P,Android,0,4,0,0,2,0,Low
TXN0548,8426.108811758302,23,P2M,Android,12,4,0,0,1,2,Low
TXN0549,5526.684611678479,12,P2M,Android,2,2,1,0,2,1,Low
TXN0550,3750.4226502405936,18,P2P,Android,3,3,0,0,2,0,Low
TXN0551,8426.930326584801,21,P2P,iOS,0,9,0,0,1,0,Low
TXN0552,0.0,12,P2P,Android,19,5,0,0,1,2,Low
TXN0553,3916.5066148460464,17,P2P,iOS,3,4,0,0,0,0,Low
TXN0554,6758.983515608074,20,P2P,iOS,6,5,0,1,0,2,Low
TXN0555,5246.7936563498,21,P2P,Android,1,3,0,1,1,2,Low
TXN0556,1290.870181516027,12,P2P,Android,10,2,0,0,3,4,Review
TXN0557,2440.6678778141545,13,P2P,iOS,4,4,0,1,2,2,Low
TXN0558,4818.429471299013,13,P2P,iOS,19,5,0,1,2,4,Review
TXN0559,7081.685943040606,13,P2M,iOS,11,8,0,1,0,4,Review
TXN0560,3989.479331332921,21,P2M,Android,1,3,1,1,0,3,Review
TXN0561,6820.109574365427,14,P2P,Android,9,6,0,0,0,0,Low
TXN0562,8990.11023045706,14,P2M,Android,7,1,0,1,3,6,High
TXN0563,6588.998645923184,9,P2P,Android,1,2,1,1,1,3,Review
TXN0564,2399.0500919440233,16,P2P,Android,2,3,0,1,1,2,Low
TXN0565,5194.264089484109,3,P2M,Android,12,8,0,1,2,5,High
TXN0566,6003.258357131626,20,P2P,Android,0,0,1,0,1,3,Review
TXN0567,5758.792375116339,14,P2M,iOS,11,2,0,0,1,2,Low
TXN0568,4669.151024182966,13,P2P,Android,9,2,0,0,5,2,Low
TXN0569,6784.359047148964,16,P2P,iOS,1,6,1,0,2,1,Low
TXN0570,6009.356403527561,16,P2P,Android,5,7,1,1,1,3,Review
TXN0571,4591.491537102514,15,P2P,Android,7,9,1,0,0,1,Low
TXN0572,7992.008174514225,1,P2P,Android,2,6,1,0,2,2,Low
TXN0573,0.0,18,P2P,Android,6,4,0,0,1,0,Low
TXN0574,7097.756594991679,7,P2P,Android,6,7,0,0,0,0,Low
TXN0575,1613.2969136595248,14,P2P,Android,2,4,0,0,2,0,Low
TXN0576,1003.2243322686177,9,P2P,iOS,2,2,0,1,1,2,Low
TXN0577,0.0,16,P2M,iOS,13,8,0,0,1,2,Low
TXN0578,3415.70220921941,13,P2P,Android,2,2,0,1,2,2,Low
TXN0579,8294.594606254923,12,P2M,Android,9,10,0,1,0,2,Low
TXN0580,9630.293960197041,14,P2P,Android,8,3,0,0,0,0,Low
TXN0581,6541.667644020197,15,P2M,iOS,13,7,0,0,1,2,Low
TXN0582,5052.742751013477,16,P2M,iOS,8,1,0,1,2,4,Review
TXN0583,9834.30156720401,13,P2P,Android,7,3,0,0,3,2,Low
TXN0584,7022.9400514562685,17,P2M,iOS,1,4,1,1,5,5,High
TXN0585,6624.779010260963,12,P2M,iOS,3,8,0,1,3,4,Review
TXN0586,6048.893997464282,22,P2P,Android,1,6,0,0,1,0,Low
TXN0587,3855.3538827217,6,P2P,iOS,9,6,0,0,0,0,Low
TXN0588,1232.761284779911,13,P2P,Android,13,5,0,0,0,2,Low
TXN0589,0.0,20,P2P,Android,4,5,1,0,2,1,Low
TXN0590,11499.09621429711,11,P2P,iOS,5,5,0,0,2,0,Low
TXN0591,4752.629679984857,9,P2M,Android,4,4,0,0,1,0,Low
TXN0592,5354.740356690723,17,P2P,Android,5,5,1,0,3,3,Review
TXN0593,4385.157611040184,7,P2M,Android,0,5,0,0,3,2,Low
TXN0594,2156.96780906283,6,P2P,Android,1,9,1,1,0,3,Review
TXN0595,2046.9843769333238,23,P2M,iOS,2,10,0,0,0,0,Low
TXN0596,5222.636203841703,9,P2M,Android,11,9,1,0,0,3,Review
TXN0597,4396.1818443660195,5,P2P,iOS,1,3,0,0,2,1,Low
TXN0598,1585.2401515251572,16,P2P,iOS,0,3,0,0,2,0,Low
TXN0599,5733.426829927551,17,P2P,Android,2,2,0,1,3,4,Review
TXN0600,4410.818251571965,14,P2P,Android,0,4,0,0,3,2,Low
TXN0601,2399.1332253754226,12,P2P,iOS,7,4,0,1,0,2,Low
TXN0602,10736.608497389043,13,P2P,Android,20,9,0,0,0,2,Low
TXN0603,9970.127261315934,17,P2M,Android,12,4,0,0,3,4,Review
TXN0604,10766.709773186605,21,P2P,Android,7,5,0,1,2,2,Low
TXN0605,1836.029188848106,23,P2P,Android,2,4,0,0,0,0,Low
TXN0606,2920.593072166516,6,P2M,Android,1,2,1,0,0,1,Low
TXN0607,6381.7957184144725,18,P2P,Android,5,4,0,1,2,2,Low
TXN0608,382.8200169251477,11,P2M,Android,3,2,0,1,1,2,Low
TXN0609,9110.080405280332,15,P2P,Android,9,5,1,1,0,3,Review
TXN0610,7314.684068795468,22,P2M,Android,15,2,0,0,3,4,Review
TXN0611,4322.27991006048,11,P2P,iOS,7,1,1,0,0,3,Review
TXN0612,4181.394289237112,20,P2P,iOS,1,6,0,0,3,2,Low
TXN0613,4158.9121766919325,11,P2P,iOS,16,3,1,1,0,5,High
TXN0614,5507.8420779925345,8,P2P,Android,1,7,0,0,4,2,Low
TXN0615,798.7102028394511,8,P2P,Android,4,4,0,1,0,2,Low
TXN0616,4207.628793371194,11,P2P,iOS,0,9,0,1,1,2,Low
TXN0617,6035.359285384895,17,P2P,Android,0,2,0,0,1,0,Low
TXN0618,5489.476467773281,11,P2M,Android,1,2,0,1,1,2,Low
TXN0619,6670.3951587852625,16,P2M,Android,9,9,0,0,0,0,Low
TXN0620,7225.575313521605,18,P2P,iOS,3,4,0,1,1,2,Low
TXN0621,8428.958061000782,10,P2M,Android,3,0,0,0,2,2,Low
TXN0622,3603.81961364529,9,P2M,Android,11,3,0,0,2,2,Low
TXN0623,2075.761006701916,19,P2M,Android,13,4,0,0,1,2,Low
TXN0624,3495.3530253572762,20,P2M,iOS,9,2,0,1,2,2,Low
TXN0625,7849.7363407958055,14,P2P,iOS,3,4,0,1,1,2,Low
TXN0626,4141.457520727076,8,P2P,iOS,4,10,0,0,2,0,Low
TXN0627,4544.274460258012,9,P2M,Android,8,2,1,1,2,3,Review
TXN0628,3142.9523881824307,15,P2P,Android,4,9,1,0,4,3,Review
TXN0629,6565.276018849629,21,P2M,iOS,11,2,0,0,3,4,Review
TXN0630,2053.1164206837425,12,P2P,iOS,1,1,1,0,2,3,Review
TXN0631,5227.994830975343,21,P2P,Android,4,1,0,1,0,4,Review
TXN0632,0.0,18,P2P,Android,0,3,0,0,1,0,Low
TXN0633,11359.36728542663,8,P2P,Android,9,9,0,0,2,0,Low
TXN0634,4039.801913934721,3,P2M,iOS,7,5,0,0,2,1,Low
TXN0635,6455.310391785733,16,P2P,Android,18,7,0,0,3,4,Review
TXN0636,8401.73454522429,14,P2P,iOS,3,0,0,0,2,2,Low
TXN0637,4928.328925356232,15,P2P,Android,13,5,0,0,1,2,Low
TXN0638,7588.247575733992,10,P2P,Android,8,2,0,1,0,2,Low
TXN0639,7870.90380600919,3,P2P,Android,3,5,0,1,0,3,Review
TXN0640,5204.735175784076,19,P2P,iOS,9,4,0,0,3,2,Low
TXN0641,0.0,12,P2P,iOS,7,4,1,1,1,3,Review
TXN0642,4998.841749675083,13,P2P,iOS,14,9,0,0,2,2,Low
TXN0643,5042.947269713809,23,P2P,Android,3,5,0,0,1,0,Low
TXN0644,1493.277146217711,12,P2M,Android,8,9,0,0,3,2,Low
TXN0645,5537.092284139801,10,P2P,Android,4,6,0,1,1,2,Low
TXN0646,4571.428645055798,19,P2P,Android,3,2,0,0,2,0,Low
TXN0647,9048.871951930412,14,P2M,iOS,1,6,0,0,2,0,Low
TXN0648,3671.705343682913,0,P2P,iOS,13,6,1,0,1,4,Review
TXN0649,5561.1014436203795,12,P2P,iOS,13,4,0,0,5,4,Review
TXN0650,7104.389992300454,13,P2P,Android,2,3,0,0,0,0,Low
TXN0651,4354.539048244082,18,P2M,Android,12,6,0,1,3,6,High
TXN0652,7604.186629320441,0,P2P,Android,14,7,0,0,1,3,Review
TXN0653,4660.5461932786975,5,P2P,iOS,15,3,0,0,1,3,Review
TXN0654,6134.12855957707,21,P2P,Android,1,10,0,0,4,2,Low
TXN0655,10652.3327351699,15,P2M,Android,7,3,0,1,1,2,Low
TXN0656,6263.86141238281,23,P2P,iOS,7,5,0,1,2,2,Low
TXN0657,7922.362578995481,10,P2P,Android,0,9,0,0,5,2,Low
TXN0658,6316.329877063134,20,P2M,Android,0,4,1,0,0,1,Low
TXN0659,7248.9951485217225,7,P2P,Android,0,4,0,1,4,4,Review
TXN0660,0.0,10,P2P,Android,8,3,0,0,0,0,Low
TXN0661,4125.695036404532,13,P2P,Android,5,5,0,0,2,0,Low
TXN0662,278.7455568733594,22,P2P,Android,19,4,0,0,5,4,Review
TXN0663,2763.412737695685,22,P2M,Android,1,3,1,1,3,5,High
TXN0664,2597.867234232676,13,P2P,Android,4,4,0,0,2,0,Low
TXN0665,2090.7810437876633,13,P2M,iOS,2,3,0,1,1,2,Low
TXN0666,5712.069318071304,19,P2P,Android,7,5,1,0,1,1,Low
TXN0667,6720.482292247347,12,P2M,iOS,12,5,1,0,1,3,Review
TXN0668,5112.825529050519,17,P2P,Android,6,1,1,0,2,3,Review
TXN0669,7267.647493765419,10,P2P,Android,1,2,0,0,2,0,Low
TXN0670,0.0,15,P2P,iOS,11,6,0,0,3,4,Review
TXN0671,4484.940929431661,22,P2P,Android,9,5,0,1,1,2,Low
TXN0672,430.8907890955006,17,P2P,Android,12,7,0,1,1,4,Review
TXN0673,3471.438890337117,15,P2M,iOS,0,5,1,0,4,3,Review
TXN0674,6857.637840332835,13,P2P,Android,2,3,0,1,3,4,Review
TXN0675,2362.0717124528082,2,P2P,Android,17,6,1,1,5,8,CRITICAL
TXN0676,8463.280809869622,4,P2M,Android,3,3,0,0,1,1,Low
TXN0677,1680.9280879329626,9,P2M,Android,9,3,1,0,3,3,Review
TXN0678,8678.694092729114,2,P2P,Android,2,8,0,0,2,1,Low
TXN0679,7505.042266488822,23,P2P,Android,13,8,1,1,0,5,High
TXN0680,463.8985410009609,16,P2P,Android,1,6,0,0,2,0,Low
TXN0681,9572.600096749251,22,P2M,Android,5,2,0,0,0,0,Low
TXN0682,8919.570436877235,16,P2M,Android,2,9,0,1,3,4,Review
TXN0683,8967.994201360023,7,P2P,Android,7,6,0,0,5,2,Low
TXN0684,11579.88332813531,14,P2M,Android,0,4,0,0,2,0,Low
TXN0685,4274.422794104777,18,P2P,Android,2,8,0,1,0,2,Low
TXN0686,2202.52937768274,8,P2M,Android,0,5,0,0,0,0,Low
TXN0687,2607.549366429784,20,P2P,Android,19,5,0,0,0,2,Low
TXN0688,3342.3112534939937,22,P2M,Android,11,5,0,0,1,2,Low
TXN0689,5237.539919624354,0,P2P,Android,9,5,0,0,2,1,Low
TXN0690,3741.881666998282,3,P2P,Android,4,3,1,1,1,4,Review
TXN0691,1298.3249555513435,18,P2P,Android,2,3,0,1,3,4,Review
TXN0692,0.0,14,P2P,iOS,0,10,0,1,3,4,Review
TXN0693,1950.7559352189874,6,P2P,iOS,1,2,0,1,2,2,Low
TXN0694,1821.2785789253112,17,P2P,Android,0,3,0,1,3,4,Review
TXN0695,5787.946608529098,20,P2M,Android,5,4,1,0,3,3,Review
TXN0696,7016.031939815579,21,P2M,Android,2,5,0,0,2,0,Low
TXN0697,6108.4028614516865,13,P2M,Android,3,3,0,0,2,0,Low
TXN0698,5699.676640573015,0,P2P,Android,0,4,0,1,0,3,Review
TXN0699,7245.889040043325,18,P2P,iOS,2,9,1,0,2,1,Low
TXN0700,1969.705069645987,22,P2P,iOS,1,4,0,0,3,2,Low
TXN0701,4640.035267248595,10,P2M,iOS,3,7,0,1,2,2,Low
TXN0702,5805.175569415726,9,P2P,Android,2,6,0,0,0,0,Low
TXN0703,5023.344463619404,21,P2M,Android,12,5,1,1,5,7,CRITICAL
TXN0704,2102.778930107686,6,P2P,Android,8,5,0,1,1,2,Low
TXN0705,4394.874764493986,22,P2P,Android,0,2,0,0,0,0,Low
TXN0706,4685.080479340987,21,P2P,iOS,4,6,0,1,3,4,Review
TXN0707,5087.640734115083,4,P2P,Android,15,8,0,0,3,5,High
TXN0708,1588.2130732639862,18,P2P,Android,13,0,1,0,0,5,High
TXN0709,7047.014434408936,8,P2P,iOS,3,4,0,0,1,0,Low
TXN0710,6070.875786130489,22,P2P,Android,8,4,1,0,1,1,Low
TXN0711,4433.05214763039,21,P2M,Android,2,3,0,0,0,0,Low
TXN0712,6323.812459232616,22,P2P,Android,12,2,0,0,2,2,Low
TXN0713,2362.5339914816814,22,P2P,iOS,3,4,1,1,1,3,Review
TXN0714,8602.186458021868,12,P2M,iOS,5,2,0,0,1,0,Low
TXN0715,2269.438849867959,17,P2P,Android,1,2,0,0,0,0,Low
TXN0716,6769.398259162517,16,P2M,Android,17,5,0,0,2,2,Low
TXN0717,5360.5608115466475,16,P2M,Android,1,3,1,0,1,1,Low
TXN0718,4474.283904590703,11,P2P,Android,0,2,1,0,1,1,Low
TXN0719,5472.230720850475,6,P2P,Android,1,3,0,0,1,0,Low
TXN0720,7649.6014644796,19,P2M,Android,3,0,0,1,0,4,Review
TXN0721,1622.976205947623,21,P2P,Android,0,10,0,1,1,2,Low
TXN0722,1555.770600407218,21,P2P,Android,4,4,1,0,0,1,Low
TXN0723,2165.6951095149147,13,P2P,Android,1,2,0,0,1,0,Low
TXN0724,3497.364028532098,14,P2M,Android,6,4,1,1,0,3,Review
TXN0725,4796.966762675892,6,P2M,iOS,4,5,0,0,2,0,Low
TXN0726,2081.736722658295,10,P2P,Android,16,10,0,0,1,2,Low
TXN0727,5780.160287776222,19,P2P,iOS,19,6,0,0,1,2,Low
TXN0728,6393.498782692131,23,P2P,Android,2,4,0,0,0,0,Low
TXN0729,5636.65851862906,19,P2M,Android,8,2,1,1,2,3,Review
TXN0730,5157.544488901737,18,P2P,iOS,6,0,1,0,2,3,Review
TXN0731,2786.5810302606046,15,P2P,iOS,12,2,0,1,5,6,High
TXN0732,6815.59106788114,18,P2P,Android,17,4,0,0,0,2,Low
TXN0733,3225.541116319797,2,P2P,Android,13,4,0,1,2,5,High
TXN0734,843.4903578732255,15,P2P,Android,1,1,0,0,0,2,Low
TXN0735,3614.2720523989747,10,P2M,iOS,1,2,1,1,3,5,High
TXN0736,8234.84292690857,18,P2P,iOS,1,2,1,0,3,3,Review
TXN0737,9752.713587387367,13,P2M,Android,7,6,0,0,3,2,Low
TXN0738,2842.175998555633,9,P2M,Android,10,0,0,0,0,4,Review
TXN0739,1375.6588202012467,8,P2P,Android,15,10,1,0,1,3,Review
TXN0740,0.0,7,P2P,Android,9,2,0,0,2,0,Low
TXN0741,5476.0234132897895,22,P2P,Android,3,1,1,1,2,5,High
TXN0742,3343.528992155645,23,P2M,Android,20,10,1,1,0,5,High
TXN0743,5478.333228831294,1,P2P,iOS,3,1,0,0,3,5,High
TXN0744,102.06883941306296,7,P2P,iOS,13,2,0,0,3,4,Review
TXN0745,5356.138854128769,22,P2P,Android,6,2,0,0,5,2,Low
TXN0746,4902.587683886937,13,P2M,Android,2,4,0,0,0,0,Low
TXN0747,1223.939413751019,15,P2P,Android,3,5,1,0,1,1,Low
TXN0748,2814.2795343829403,19,P2P,Android,3,8,1,0,1,1,Low
TXN0749,0.0,14,P2P,Android,0,4,0,0,4,2,Low
TXN0750,6033.311678563276,9,P2M,Android,3,6,0,1,3,4,Review
TXN0751,5441.148923635839,20,P2P,Android,2,2,1,0,0,1,Low
TXN0752,7812.372455509352,11,P2P,iOS,15,3,0,0,2,2,Low
TXN0753,7449.954123020781,12,P2M,Android,3,10,0,0,2,0,Low
TXN0754,2957.1565646547206,18,P2P,Android,2,6,0,0,0,0,Low
TXN0755,8486.99833526777,6,P2M,Android,6,5,0,0,2,0,Low
TXN0756,9353.329704196578,20,P2P,Android,7,5,0,0,2,0,Low
TXN0757,4558.3444208246365,9,P2P,Android,4,6,1,0,2,1,Low
TXN0758,427.68244206768577,17,P2P,Android,7,7,1,0,1,1,Low
TXN0759,8658.171551811194,6,P2P,Android,17,5,0,0,3,4,Review
TXN0760,5822.576017579264,15,P2P,Android,15,2,0,1,2,4,Review
TXN0761,5316.11890467689,16,P2P,Android,7,0,0,0,3,4,Review
TXN0762,4221.4292087331705,13,P2M,Android,7,9,0,1,2,2,Low
TXN0763,4281.197285491911,21,P2P,iOS,11,2,0,0,2,2,Low
TXN0764,2046.1707242996467,20,P2P,Android,1,4,1,0,1,1,Low
TXN0765,6402.394512161341,23,P2M,Android,8,7,0,0,3,2,Low
TXN0766,9377.402867921242,13,P2M,Android,9,5,0,0,3,2,Low
TXN0767,958.1113640430522,11,P2P,Android,2,5,1,1,1,3,Review
TXN0768,5199.557762720784,4,P2P,Android,7,5,0,1,2,3,Review
TXN0769,9386.889701264881,19,P2P,Android,14,8,0,0,2,2,Low
TXN0770,9939.449913373533,10,P2P,Android,6,3,0,0,2,0,Low
TXN0771,6787.425899004186,19,P2M,Android,20,3,0,1,0,4,Review
TXN0772,7321.4611895489,21,P2M,Android,3,6,0,0,0,0,Low
TXN0773,5108.305247305343,12,P2M,Android,8,4,0,0,0,0,Low
TXN0774,656.9983457608632,6,P2P,Android,8,5,0,1,1,2,Low
TXN0775,1373.7362939129016,23,P2P,Android,2,4,0,0,2,0,Low
TXN0776,4171.390000177609,13,P2P,Android,3,3,0,1,1,2,Low
TXN0777,9974.64170477344,13,P2P,iOS,7,0,0,0,1,2,Low
TXN0778,0.0,7,P2P,Android,0,5,1,1,1,3,Review
TXN0779,4802.497029756965,20,P2P,Android,2,5,0,0,0,0,Low
TXN0780,3608.207080809901,16,P2P,Android,14,0,0,0,5,6,High
TXN0781,4383.932380769741,15,P2P,Android,1,5,0,0,2,0,Low
TXN0782,2374.380582067079,6,P2M,iOS,2,9,0,1,2,2,Low
TXN0783,4821.186197127531,9,P2P,iOS,4,4,0,1,4,4,Review
TXN0784,3562.097276005635,10,P2P,Android,1,1,0,1,2,4,Review
TXN0785,9993.960672026831,15,P2P,Android,4,6,0,0,2,0,Low
TXN0786,10904.034504376335,19,P2P,iOS,15,8,0,0,2,2,Low
TXN0787,2275.3641674634073,16,P2P,iOS,4,3,1,1,3,5,High
TXN0788,4911.47445043132,22,P2M,iOS,4,3,0,0,2,0,Low
TXN0789,7652.564714782676,20,P2P,iOS,7,5,1,1,2,3,Review
TXN0790,4189.153128943602,20,P2M,Android,9,5,0,0,0,0,Low
TXN0791,2159.661307464033,17,P2P,Android,1,3,0,0,2,0,Low
TXN0792,4013.3829502611948,10,P2M,Android,1,5,1,0,5,3,Review
TXN0793,0.0,5,P2P,iOS,1,0,0,0,3,5,High
TXN0794,3810.4051205520063,12,P2P,Android,3,8,0,0,0,0,Low
TXN0795,8360.849753657876,0,P2M,iOS,17,5,1,0,1,4,Review
TXN0796,5634.774511378409,19,P2P,iOS,10,8,0,1,3,6,High
TXN0797,5720.317074090789,21,P2P,iOS,6,4,0,0,2,0,Low
TXN0798,6845.345656849286,19,P2P,Android,3,5,0,0,1,0,Low
TXN0799,4888.066497362346,4,P2M,Android,10,9,0,0,0,3,Review
TXN0800,6945.530419473968,12,P2P,Android,2,9,0,0,0,0,Low
TXN0801,4082.2890737598264,14,P2P,Android,4,4,0,1,2,2,Low
TXN0802,2347.4124655722094,20,P2M,Android,14,3,1,1,1,5,High
TXN0803,4489.183770253799,15,P2P,Android,0,7,0,0,2,0,Low
TXN0804,2066.146881716138,6,P2M,Android,7,7,0,0,1,0,Low
TXN0805,3313.3227799938886,17,P2P,iOS,4,2,0,1,5,4,Review
TXN0806,1361.431643355491,7,P2P,Android,5,3,0,1,3,4,Review
TXN0807,998.9254989421147,15,P2M,iOS,10,4,0,1,2,4,Review
TXN0808,0.0,22,P2M,iOS,7,5,1,0,2,1,Low
TXN0809,0.0,12,P2P,Android,20,3,0,0,2,2,Low
TXN0810,1965.4773903339765,5,P2P,Android,12,3,0,1,2,5,High
TXN0811,8326.798809025448,11,P2P,Android,2,5,0,0,2,0,Low
TXN0812,8572.618507680083,9,P2P,Android,6,2,0,0,1,0,Low
TXN0813,4810.641364370824,19,P2M,iOS,9,3,0,0,2,0,Low
TXN0814,9881.756824402693,19,P2M,iOS,8,5,0,0,1,0,Low
TXN0815,4162.933996073325,9,P2P,iOS,2,2,0,0,0,0,Low
TXN0816,8513.292979921,10,P2P,Android,5,3,1,1,2,3,Review
TXN0817,6003.563129356755,15,P2P,iOS,5,10,0,1,1,2,Low
TXN0818,5573.103831446283,16,P2P,Android,2,0,1,1,3,7,CRITICAL
TXN0819,3763.757726355955,13,P2P,Android,2,3,0,0,1,0,Low
TXN0820,0.0,9,P2P,Android,13,3,0,1,0,4,Review
TXN0821,6339.627594950472,9,P2M,Android,12,5,0,1,4,6,High
TXN0822,0.0,17,P2P,iOS,6,7,1,0,1,1,Low
TXN0823,3183.5821482290316,13,P2P,Android,2,7,0,1,2,2,Low
TXN0824,9122.331974749151,13,P2M,Android,14,2,1,0,1,3,Review
TXN0825,0.0,15,P2P,Android,2,3,0,1,2,2,Low
TXN0826,5295.6382330552915,20,P2M,Android,13,9,1,0,0,3,Review
TXN0827,5503.554746040099,12,P2P,iOS,10,5,0,1,2,4,Review
TXN0828,10088.15694530913,19,P2P,Android,9,7,0,1,2,2,Low
TXN0829,6871.037068184604,11,P2P,Android,8,8,0,0,3,2,Low
TXN0830,3414.459251934631,22,P2M,Android,13,3,0,0,1,2,Low
TXN0831,0.0,16,P2P,Android,14,10,1,1,1,5,High
TXN0832,2290.258029186087,11,P2P,iOS,0,9,0,1,1,2,Low
TXN0833,11724.137971412847,6,P2P,Android,15,7,1,0,3,5,High
TXN0834,1090.9123519160548,1,P2M,Android,2,3,0,0,2,1,Low
TXN0835,600.917622047119,22,P2P,iOS,5,2,0,0,2,0,Low
TXN0836,6785.853347700074,19,P2M,iOS,1,8,0,1,2,2,Low
TXN0837,1705.8328613664003,9,P2P,Android,4,5,0,0,4,2,Low
TXN0838,9712.667646733964,14,P2M,Android,9,7,0,1,2,2,Low
TXN0839,9432.09404781058,17,P2P,Android,9,4,0,0,2,0,Low
TXN0840,8771.560366291753,20,P2M,Android,4,2,0,1,0,2,Low
TXN0841,6944.878049700401,7,P2M,iOS,15,6,1,1,0,5,High
TXN0842,0.0,16,P2P,Android,3,6,1,0,2,1,Low
TXN0843,2445.315914818586,12,P2P,Android,9,5,0,1,3,4,Review
TXN0844,9745.453924736561,22,P2P,Android,3,8,0,0,3,2,Low
TXN0845,5220.950355187177,4,P2P,Android,3,0,0,0,2,3,Review
TXN0846,1935.794213994248,9,P2P,iOS,5,4,0,0,0,0,Low
TXN0847,842.4665350983569,0,P2M,Android,4,3,1,1,3,6,High
TXN0848,0.0,20,P2M,iOS,2,3,0,1,2,2,Low
TXN0849,2943.417298260367,18,P2M,iOS,15,3,0,0,1,2,Low
TXN0850,3978.627791134875,17,P2M,Android,5,5,1,1,2,3,Review
TXN0851,3488.157435580847,17,P2M,iOS,1,1,1,0,2,3,Review
TXN0852,3467.586356072048,11,P2P,Android,3,6,0,1,2,2,Low
TXN0853,4749.318888031893,19,P2M,Android,16,7,1,0,3,5,High
TXN0854,1648.0530138966878,10,P2P,Android,10,5,0,0,2,2,Low
TXN0855,269.2151119468108,19,P2M,Android,0,3,0,1,3,4,Review
TXN0856,5214.017359871425,11,P2P,Android,14,5,1,1,3,7,CRITICAL
TXN0857,3265.1491373472472,12,P2P,Android,5,9,0,0,0,0,Low
TXN0858,165.56785599105024,3,P2P,iOS,19,2,1,0,0,4,Review
TXN0859,5847.280237785972,16,P2M,iOS,5,8,0,1,0,2,Low
TXN0860,4662.854001979258,0,P2P,iOS,1,1,1,0,0,4,Review
TXN0861,6836.336519943029,22,P2M,Android,7,9,0,0,1,0,Low
TXN0862,4762.24100495237,13,P2M,Android,2,2,0,0,0,0,Low
TXN0863,9985.783822469812,22,P2M,Android,7,5,0,0,1,0,Low
TXN0864,4225.372224524198,4,P2P,Android,9,8,1,1,0,4,Review
TXN0865,5343.034263113471,6,P2P,Android,4,3,0,1,3,4,Review
TXN0866,6439.551961005444,19,P2P,Android,5,5,0,0,1,0,Low
TXN0867,1840.6047516308045,18,P2P,Android,6,2,0,0,0,0,Low
TXN0868,3797.2409565712424,15,P2P,iOS,12,2,1,1,1,5,High
TXN0869,3961.5407574488527,9,P2P,iOS,3,4,1,0,0,1,Low
TXN0870,5725.568004138201,19,P2P,iOS,14,6,0,0,5,4,Review
TXN0871,254.77891936477954,4,P2P,Android,7,4,1,1,2,4,Review
TXN0872,6755.645760461368,9,P2P,Android,3,4,1,1,0,3,Review
TXN0873,6562.780321693656,17,P2P,Android,3,4,0,1,1,2,Low
TXN0874,385.6420930501545,8,P2P,Android,14,5,0,0,4,4,Review
TXN0875,5636.647502743166,12,P2M,Android,0,5,1,0,1,1,Low
TXN0876,1829.7594271541625,14,P2P,iOS,2,4,1,1,2,3,Review
TXN0877,6428.436692281846,19,P2P,Android,7,5,1,0,0,1,Low
TXN0878,4317.816662182299,10,P2P,iOS,15,5,0,1,1,4,Review
TXN0879,4735.977080263467,18,P2P,Android,10,7,0,1,2,4,Review
TXN0880,6694.525185331229,15,P2P,Android,0,9,1,0,0,1,Low
TXN0881,4484.545321987602,16,P2P,Android,13,3,0,0,3,4,Review
TXN0882,5462.265743297337,13,P2M,Android,14,10,0,0,1,2,Low
TXN0883,6621.198428856066,22,P2M,Android,6,4,0,0,4,2,Low
TXN0884,9034.18801536563,12,P2P,iOS,6,4,0,0,0,0,Low
TXN0885,5860.641831184553,16,P2P,Android,6,2,0,1,0,2,Low
TXN0886,5701.085635936462,6,P2P,Android,8,2,0,0,3,2,Low
TXN0887,4611.031528405642,23,P2P,Android,15,4,0,0,0,2,Low
TXN0888,4450.783229921905,16,P2M,Android,16,5,1,0,2,3,Review
TXN0889,8638.892121395424,11,P2M,iOS,20,0,0,1,2,6,High
TXN0890,7772.788301577573,14,P2M,Android,0,2,0,0,1,0,Low
TXN0891,6671.432701206636,8,P2P,Android,8,3,0,0,4,2,Low
TXN0892,1081.0174964272524,17,P2P,Android,0,2,1,1,2,3,Review
TXN0893,1990.8376003969443,7,P2M,iOS,6,8,1,1,3,5,High
TXN0894,1595.6207913859494,16,P2P,Android,5,9,0,1,1,2,Low
TXN0895,6080.435951510547,22,P2P,Android,2,3,0,0,3,2,Low
TXN0896,7069.113273816032,16,P2P,Android,2,8,0,0,0,0,Low
TXN0897,3213.5416205283054,7,P2P,Android,13,2,1,1,3,7,CRITICAL
TXN0898,4316.747801859921,17,P2P,Android,9,7,0,1,2,2,Low
TXN0899,147.58753294285452,19,P2P,Android,5,6,0,1,1,2,Low
TXN0900,6216.803448780604,11,P2M,Android,0,6,0,1,2,2,Low
TXN0901,5858.323603580503,14,P2P,Android,0,3,0,0,2,0,Low
TXN0902,6063.188126373849,21,P2P,iOS,18,9,0,1,1,4,Review
TXN0903,8807.998342669322,12,P2P,Android,2,3,0,1,5,4,Review
TXN0904,2847.7831583283487,12,P2P,Android,7,0,0,1,3,6,High
TXN0905,1838.9749319821208,15,P2P,Android,1,4,1,1,2,3,Review
TXN0906,8886.288971062115,21,P2M,Android,0,3,0,0,3,2,Low
TXN0907,2359.104785971261,23,P2P,Android,0,6,1,0,2,1,Low
TXN0908,2218.357561734501,11,P2P,Android,3,3,1,0,1,1,Low
TXN0909,9255.744928007605,19,P2P,iOS,2,2,0,0,4,2,Low
TXN0910,6044.980250377614,18,P2M,Android,3,4,1,0,1,1,Low
TXN0911,5056.983475219498,17,P2P,Android,1,9,0,1,3,4,Review
TXN0912,2395.396773771098,22,P2P,Android,1,6,0,0,0,0,Low
TXN0913,3946.1735729785914,16,P2P,Android,6,2,0,1,5,4,Review
TXN0914,4086.9638970023984,12,P2P,Android,6,10,0,0,1,0,Low
TXN0915,7177.949489663419,8,P2M,Android,13,3,0,1,0,4,Review
TXN0916,1888.0392250005411,8,P2P,iOS,5,5,1,1,0,3,Review
TXN0917,3905.674427563472,23,P2M,iOS,8,9,1,1,3,5,High
TXN0918,4441.944573890872,3,P2M,Android,14,5,1,1,0,6,High
TXN0919,6230.911905873629,9,P2P,Android,12,8,1,0,1,3,Review
TXN0920,6100.798487978284,16,P2P,iOS,2,2,0,1,1,2,Low
TXN0921,7629.921308146631,15,P2P,Android,0,3,1,1,2,3,Review
TXN0922,5367.056425399333,7,P2P,iOS,0,5,0,0,2,0,Low
TXN0923,5890.011507298196,20,P2P,Android,3,5,0,1,2,2,Low
TXN0924,9624.059481671939,11,P2P,Android,13,4,0,0,0,2,Low
TXN0925,1666.2794339210996,11,P2M,iOS,9,6,0,0,2,0,Low
TXN0926,10168.290375951747,22,P2P,iOS,13,2,1,1,4,7,CRITICAL
TXN0927,7186.187215267406,12,P2P,Android,7,7,0,1,2,2,Low
TXN0928,4386.578348080216,10,P2P,iOS,5,2,0,0,1,0,Low
TXN0929,5627.1156474551335,23,P2P,iOS,2,6,0,0,1,0,Low
TXN0930,2205.1200282358736,10,P2M,Android,18,5,0,1,3,6,High
TXN0931,8769.289570032413,8,P2M,Android,3,2,0,1,0,2,Low
TXN0932,290.6607159492696,9,P2P,Android,1,6,1,1,0,3,Review
TXN0933,3810.1814788166967,13,P2P,Android,17,1,0,1,0,6,High
TXN0934,1579.4920668062123,20,P2P,iOS,15,4,0,1,2,4,Review
TXN0935,4607.608212535663,17,P2P,Android,7,0,0,1,3,6,High
TXN0936,5617.3845615162,12,P2P,Android,0,2,0,0,3,2,Low
TXN0937,0.0,7,P2M,Android,11,8,0,0,2,2,Low
TXN0938,4590.2347331279425,3,P2P,iOS,9,4,1,0,1,2,Low
TXN0939,8257.452095767321,15,P2M,iOS,1,5,0,1,3,4,Review
TXN0940,3419.8915713131655,21,P2M,Android,2,2,0,0,5,2,Low
TXN0941,5889.685970471628,18,P2M,iOS,2,10,0,0,1,0,Low
TXN0942,4426.98168467795,23,P2M,Android,1,10,1,0,0,1,Low
TXN0943,3490.9482188700536,18,P2P,Android,5,8,0,0,0,0,Low
TXN0944,0.0,16,P2M,iOS,7,2,0,0,5,2,Low
TXN0945,2357.7823161833458,9,P2P,iOS,8,5,0,0,2,0,Low
TXN0946,6006.1663024157215,17,P2P,Android,3,4,0,0,0,0,Low
TXN0947,0.0,14,P2M,Android,14,8,0,0,0,2,Low
TXN0948,6797.543916748156,23,P2P,Android,3,6,1,0,4,3,Review
TXN0949,5204.06702765569,15,P2M,Android,6,1,0,1,2,4,Review
TXN0950,0.0,9,P2M,Android,9,7,0,1,5,4,Review
TXN0951,7702.559473740039,9,P2P,Android,1,4,1,0,2,1,Low
TXN0952,3231.1731491070695,8,P2M,Android,18,4,0,0,2,2,Low
TXN0953,5880.741464953399,23,P2P,Android,6,9,1,0,0,1,Low
TXN0954,3656.7882952555024,8,P2P,Android,7,6,0,0,2,0,Low
TXN0955,8947.882644792673,17,P2P,iOS,1,5,0,1,2,2,Low
TXN0956,9142.868526364668,23,P2M,Android,4,2,0,0,2,0,Low
TXN0957,5077.070694204123,12,P2P,Android,20,3,1,0,0,3,Review
TXN0958,8540.046702541107,8,P2P,iOS,4,10,0,1,1,2,Low
TXN0959,8487.69684922646,22,P2P,Android,4,1,0,0,1,2,Low
TXN0960,2583.2758683811144,15,P2M,iOS,7,1,1,1,1,5,High
TXN0961,188.30423318154135,3,P2M,Android,14,10,0,1,1,5,High
TXN0962,8749.221505373418,16,P2P,Android,7,10,0,0,0,0,Low
TXN0963,2518.802237615475,5,P2P,Android,12,3,0,1,0,5,High
TXN0964,3457.124085359731,22,P2P,Android,15,9,0,1,2,4,Review
TXN0965,5009.275677166104,6,P2P,iOS,0,7,1,0,4,3,Review
TXN0966,3434.5280871545224,6,P2P,Android,4,5,0,0,1,0,Low
TXN0967,5150.988065317748,13,P2M,Android,1,5,0,1,0,2,Low
TXN0968,7156.100536420594,9,P2P,iOS,0,4,1,1,5,5,High
TXN0969,4995.70306664272,10,P2P,Android,11,5,0,1,1,4,Review
TXN0970,5331.304493366737,10,P2M,Android,1,10,1,1,2,3,Review
TXN0971,430.17868965335856,9,P2M,iOS,1,4,1,0,1,1,Low
TXN0972,0.0,19,P2P,iOS,14,3,1,0,0,3,Review
TXN0973,7823.179835020721,19,P2P,Android,5,10,0,1,2,2,Low
TXN0974,5070.6845568638155,0,P2P,Android,18,7,0,0,5,5,High
TXN0975,8036.45424104477,20,P2P,Android,6,4,0,1,3,4,Review
TXN0976,5664.5048390234415,15,P2P,Android,3,7,0,0,2,0,Low
TXN0977,2808.095651973383,16,P2P,Android,5,5,0,1,2,2,Low
TXN0978,2875.8795853638308,15,P2P,iOS,8,2,0,1,2,2,Low
TXN0979,8469.858478445882,7,P2M,Android,0,7,1,1,2,3,Review
TXN0980,0.0,20,P2P,Android,4,9,0,1,2,2,Low
TXN0981,1007.9449727777751,13,P2P,Android,7,2,1,1,1,3,Review
TXN0982,3257.1927523925965,9,P2P,Android,4,2,1,0,0,1,Low
TXN0983,3278.1535378505337,8,P2P,Android,2,4,0,0,3,2,Low
TXN0984,5087.741577696606,7,P2M,Android,9,7,0,0,0,0,Low
TXN0985,3311.497799503926,14,P2P,iOS,5,7,0,1,2,2,Low
TXN0986,6805.178353155051,21,P2P,Android,2,5,0,0,0,0,Low
TXN0987,5734.848208198175,14,P2P,Android,7,4,0,0,1,0,Low
TXN0988,0.0,14,P2P,Android,4,2,1,0,1,1,Low
TXN0989,0.0,16,P2P,iOS,1,4,0,0,0,0,Low
TXN0990,11859.546808083218,16,P2M,iOS,9,10,0,0,2,0,Low
TXN0991,3190.7270055255085,19,P2P,Android,6,5,1,0,3,3,Review
TXN0992,13345.903461383454,10,P2M,Android,1,5,0,0,4,2,Low
TXN0993,3814.515020133008,13,P2P,Android,9,9,1,1,2,3,Review
TXN0994,6558.248268203231,14,P2M,Android,0,5,0,1,3,4,Review
TXN0995,9085.811834551554,11,P2P,iOS,6,7,0,0,1,0,Low
TXN0996,0.0,16,P2M,Android,14,9,0,0,3,4,Review
TXN0997,12054.890422727432,8,P2P,iOS,11,4,1,0,1,3,Review
TXN0998,10726.50858724632,14,P2P,Android,3,6,1,0,1,1,Low
TXN0999,10234.482738201194,1,P2M,Android,17,3,0,0,1,3,Review
TXN1000,5931.899554102169,4,P2P,Android,2,3,0,0,1,1,Low
TXN1001,5392.17854802193,5,P2P,Android,0,3,1,0,3,4,Review
TXN1002,5997.041205453616,1,P2M,Android,2,5,0,0,3,3,Review
TXN1003,7900.569532903603,10,P2P,Android,7,3,1,1,1,3,Review
TXN1004,1814.0854055383134,6,P2M,iOS,18,5,1,1,2,5,High
TXN1005,6729.462461255773,16,P2P,Android,3,5,0,0,1,0,Low
TXN1006,5849.4280380477785,11,P2M,Android,7,3,1,0,2,1,Low
TXN1007,6392.042961272632,21,P2M,Android,2,5,0,1,3,4,Review
TXN1008,7532.58309449001,9,P2P,Android,5,4,0,0,0,0,Low
TXN1009,3408.0140986312836,9,P2P,Android,3,7,1,0,3,3,Review
TXN1010,2194.599089275931,10,P2M,Android,4,4,0,0,4,2,Low
TXN1011,0.0,7,P2M,iOS,9,3,0,0,2,0,Low
TXN1012,7131.042097412521,14,P2M,Android,11,2,1,0,2,3,Review
TXN1013,7724.557615433687,16,P2P,iOS,4,3,0,1,1,2,Low
TXN1014,8231.224989676475,10,P2P,Android,3,8,1,1,0,3,Review
TXN1015,5884.599645204346,10,P2P,Android,0,7,0,0,0,0,Low
TXN1016,6355.076830089708,18,P2P,Android,5,4,0,0,1,0,Low
TXN1017,6844.262634412302,1,P2P,iOS,0,7,1,1,1,4,Review
TXN1018,6501.751757970522,3,P2M,Android,7,5,0,0,3,3,Review
TXN1019,4437.278794122203,13,P2P,Android,9,3,1,1,1,3,Review
TXN1020,3293.7273995591668,23,P2P,Android,19,7,0,1,1,4,Review
TXN1021,6863.007428698883,14,P2P,Android,10,7,1,0,1,3,Review
TXN1022,3591.963230770507,21,P2P,Android,0,3,0,1,2,2,Low
TXN1023,4697.4153074293,7,P2M,iOS,3,4,0,0,2,0,Low
TXN1024,7196.060396541539,13,P2P,Android,0,3,0,1,5,4,Review
TXN1025,4384.13949821722,15,P2P,Android,4,7,0,0,2,0,Low
TXN1026,4972.563919180922,18,P2P,Android,2,5,0,0,3,2,Low
TXN1027,4906.100996124724,20,P2P,Android,9,5,0,0,1,0,Low
TXN1028,8517.167864414667,16,P2P,Android,16,3,0,1,3,6,High
TXN1029,5936.238315567458,12,P2P,Android,7,7,0,0,2,0,Low
TXN1030,3827.5714430804765,21,P2P,iOS,7,4,1,1,1,3,Review
TXN1031,11520.710923825616,21,P2P,Android,8,3,1,0,1,1,Low
TXN1032,7829.087169376786,17,P2P,Android,1,1,0,0,0,2,Low
TXN1033,4488.270559867775,8,P2M,Android,7,6,1,1,0,3,Review
TXN1034,2256.1794112098205,15,P2M,Android,15,7,0,0,2,2,Low
TXN1035,6766.304731527762,12,P2M,Android,1,7,0,0,1,0,Low
TXN1036,1794.22973635699,15,P2M,Android,4,4,0,0,0,0,Low
TXN1037,6420.6455918519005,16,P2P,iOS,0,5,1,1,2,3,Review
TXN1038,4555.321983585485,23,P2P,iOS,3,4,0,1,0,2,Low
TXN1039,0.0,2,P2M,iOS,3,3,0,1,2,3,Review
TXN1040,12260.900059400969,17,P2M,Android,0,4,0,1,2,2,Low
TXN1041,1450.4169083664674,16,P2P,Android,2,0,1,0,3,5,High
TXN1042,4869.4463722970595,13,P2M,iOS,2,5,1,1,2,3,Review
TXN1043,8114.368814614942,5,P2M,Android,1,3,0,1,2,3,Review
TXN1044,3570.367562847413,9,P2P,iOS,2,3,1,0,1,1,Low
TXN1045,4857.125550538453,14,P2M,Android,9,2,0,0,2,0,Low
TXN1046,4299.4311629927615,17,P2P,Android,14,2,0,1,0,4,Review
TXN1047,463.3990383596856,16,P2P,Android,1,10,1,0,1,1,Low
TXN1048,5975.753406408559,12,P2P,Android,7,5,0,0,1,0,Low
TXN1049,11951.255217434318,10,P2P,Android,10,3,0,1,4,6,High
TXN1050,6840.003207823718,4,P2P,Android,17,7,0,0,3,5,High
TXN1051,9251.195422619292,20,P2P,iOS,9,2,0,1,2,2,Low
TXN1052,10759.934681422656,7,P2M,Android,9,9,1,0,3,3,Review
TXN1053,3905.627673067443,16,P2P,Android,10,4,1,0,2,3,Review
TXN1054,4840.446155711394,5,P2P,Android,17,4,0,0,0,3,Review
TXN1055,9525.850005183918,22,P2P,iOS,3,8,0,0,3,2,Low
TXN1056,3979.9193818554268,15,P2P,Android,0,3,0,1,0,2,Low
TXN1057,2142.1899931902785,8,P2P,Android,6,2,0,1,3,4,Review
TXN1058,1901.5110717582343,17,P2M,Android,2,3,0,0,2,0,Low
TXN1059,7001.4569089424085,16,P2P,iOS,2,4,0,1,3,4,Review
TXN1060,6315.227383990663,8,P2P,Android,3,8,0,0,1,0,Low
TXN1061,7827.323090258966,10,P2P,Android,8,3,1,0,2,1,Low
TXN1062,5194.514370783943,11,P2P,Android,9,8,0,0,1,0,Low
TXN1063,2319.9845818056833,3,P2P,iOS,0,4,1,0,2,2,Low
TXN1064,6892.360346311277,13,P2P,Android,16,2,0,1,3,6,High
TXN1065,0.0,22,P2P,iOS,5,4,0,1,2,2,Low
TXN1066,0.0,21,P2M,Android,10,5,0,0,2,2,Low
TXN1067,3223.5525514077744,10,P2P,iOS,4,9,0,1,1,2,Low
TXN1068,7795.476843405893,18,P2P,iOS,19,2,0,1,1,4,Review
TXN1069,0.0,17,P2P,Android,6,4,1,1,0,3,Review
TXN1070,4018.8573837865115,15,P2P,iOS,2,6,1,0,1,1,Low
TXN1071,789.2436160559719,19,P2P,Android,1,4,1,1,2,3,Review
TXN1072,5663.279674802688,4,P2P,Android,7,5,0,0,3,3,Review
TXN1073,0.0,11,P2P,Android,9,10,0,0,0,0,Low
TXN1074,7806.995514457554,22,P2P,Android,2,3,0,0,2,0,Low
TXN1075,8554.004563832896,11,P2P,Android,3,5,0,0,0,0,Low
TXN1076,5061.4757462420375,10,P2P,Android,2,5,0,0,0,0,Low
TXN1077,2961.4800121677945,16,P2M,Android,13,7,0,1,2,4,Review
TXN1078,3481.346634927263,17,P2M,Android,8,2,1,0,2,1,Low
TXN1079,5844.038475523414,11,P2P,Android,8,4,1,1,2,3,Review
TXN1080,3334.102423743747,17,P2P,iOS,9,4,0,1,1,2,Low
TXN1081,1799.3723589065498,13,P2P,Android,2,10,0,0,0,0,Low
TXN1082,1724.0116828552154,3,P2M,Android,12,4,0,1,2,5,High
TXN1083,6206.122471846391,9,P2P,Android,2,0,0,1,0,4,Review
TXN1084,2042.036237163762,19,P2P,Android,5,2,0,0,2,0,Low
TXN1085,2491.3802098327424,14,P2P,Android,1,6,1,1,0,3,Review
TXN1086,7154.093364178566,19,P2P,iOS,1,10,0,0,0,0,Low
TXN1087,8569.312981125786,15,P2P,Android,7,10,0,1,2,2,Low
TXN1088,3869.4944322708825,10,P2P,Android,3,9,1,0,5,3,Review
TXN1089,4441.0801093968375,3,P2P,iOS,2,10,1,1,1,4,Review
TXN1090,5454.3418051488425,16,P2P,Android,3,5,0,1,0,2,Low
TXN1091,7128.432430677876,19,P2P,Android,6,4,1,1,1,3,Review
TXN1092,4019.054202926606,22,P2P,iOS,2,3,1,0,3,3,Review
TXN1093,7165.732261433828,5,P2P,Android,7,2,1,0,0,2,Low
TXN1094,5704.901264114452,11,P2M,iOS,3,0,0,0,1,2,Low
TXN1095,1686.3762874211243,21,P2M,Android,1,5,0,0,1,0,Low
TXN1096,2478.096158520908,14,P2M,iOS,5,5,1,1,0,3,Review
TXN1097,3200.4994785942445,12,P2P,Android,2,9,1,1,3,5,High
TXN1098,6347.733872662052,17,P2P,Android,6,0,0,0,2,2,Low
TXN1099,6632.181759578951,19,P2M,iOS,1,3,0,0,0,0,Low
TXN1100,4128.908892517093,18,P2M,Android,8,2,0,1,2,2,Low
